startDate,endDate,indexType,roomsCount,newApartment,avgPrice,avgPricePerSurface
02.01.2023,08.01.2023,listings,,,117311.49,1657.86
02.01.2023,08.01.2023,listings,1,,51811.24,1415.27
02.01.2023,08.01.2023,listings,2,,86610.86,1573.13
02.01.2023,08.01.2023,listings,3,,140910.49,1738.03
02.01.2023,08.01.2023,listings,4,,330647.62,2313.6
02.01.2023,08.01.2023,listings,,1,120561.35,1617.01
02.01.2023,08.01.2023,listings,,0,114850.1,1688.8
02.01.2023,08.01.2023,listings,1,1,49521.33,1261.89
02.01.2023,08.01.2023,listings,1,0,53877.07,1553.64
02.01.2023,08.01.2023,listings,2,1,86803.14,1512.3
02.01.2023,08.01.2023,listings,2,0,86437.16,1628.08
02.01.2023,08.01.2023,listings,3,1,149891.5,1752.95
02.01.2023,08.01.2023,listings,3,0,135505.46,1729.04
02.01.2023,08.01.2023,listings,4,1,499084.45,3002.77
02.01.2023,08.01.2023,listings,4,0,257090.92,2012.64
02.01.2023,08.01.2023,apartments,,,126093.88,1732.07
02.01.2023,08.01.2023,apartments,1,,53490.53,1464.69
02.01.2023,08.01.2023,apartments,2,,88172.99,1637
02.01.2023,08.01.2023,apartments,3,,143281.22,1785.18
02.01.2023,08.01.2023,apartments,4,,350414.06,2399.72
02.01.2023,08.01.2023,apartments,,1,138103.95,1778.4
02.01.2023,08.01.2023,apartments,,0,118573.23,1703.07
02.01.2023,08.01.2023,apartments,1,1,52722.57,1338.57
02.01.2023,08.01.2023,apartments,1,0,54034.01,1553.95
02.01.2023,08.01.2023,apartments,2,1,93022.73,1657.94
02.01.2023,08.01.2023,apartments,2,0,84906.66,1622.89
02.01.2023,08.01.2023,apartments,3,1,156655.81,1868.04
02.01.2023,08.01.2023,apartments,3,0,135584.37,1737.49
02.01.2023,08.01.2023,apartments,4,1,485717.13,3000.62
02.01.2023,08.01.2023,apartments,4,0,285514.62,2111.5
02.01.2023,08.01.2023,soldApartments,,,122092.41,1721.27
02.01.2023,08.01.2023,soldApartments,1,,50781.94,1466.51
02.01.2023,08.01.2023,soldApartments,2,,86696.67,1634.73
02.01.2023,08.01.2023,soldApartments,3,,142906.36,1779.72
02.01.2023,08.01.2023,soldApartments,4,,341805.15,2369.55
02.01.2023,08.01.2023,soldApartments,,1,135120.09,1767.52
02.01.2023,08.01.2023,soldApartments,,0,114639.38,1694.81
02.01.2023,08.01.2023,soldApartments,1,1,48265.76,1343.4
02.01.2023,08.01.2023,soldApartments,1,0,52379.61,1544.68
02.01.2023,08.01.2023,soldApartments,2,1,91240.51,1659.84
02.01.2023,08.01.2023,soldApartments,2,0,83874.32,1619.13
02.01.2023,08.01.2023,soldApartments,3,1,158120.55,1861
02.01.2023,08.01.2023,soldApartments,3,0,134904.42,1736.98
02.01.2023,08.01.2023,soldApartments,4,1,510678.84,3018.82
02.01.2023,08.01.2023,soldApartments,4,0,271467.52,2099.12
09.01.2023,15.01.2023,listings,,,117558.94,1660.76
09.01.2023,15.01.2023,listings,1,,51989.06,1428.57
09.01.2023,15.01.2023,listings,2,,86900.75,1575.7
09.01.2023,15.01.2023,listings,3,,140775.43,1738.86
09.01.2023,15.01.2023,listings,4,,322059.56,2272.84
09.01.2023,15.01.2023,listings,,1,120864.04,1620.58
09.01.2023,15.01.2023,listings,,0,115126.18,1690.35
09.01.2023,15.01.2023,listings,1,1,49872.54,1273.67
09.01.2023,15.01.2023,listings,1,0,53827.98,1563.15
09.01.2023,15.01.2023,listings,2,1,87223.41,1515.98
09.01.2023,15.01.2023,listings,2,0,86613.62,1628.83
09.01.2023,15.01.2023,listings,3,1,150871.16,1757.55
09.01.2023,15.01.2023,listings,3,0,134893.48,1727.97
09.01.2023,15.01.2023,listings,4,1,486349.13,2932.78
09.01.2023,15.01.2023,listings,4,0,253677.71,1998.15
09.01.2023,15.01.2023,apartments,,,125708.53,1731.59
09.01.2023,15.01.2023,apartments,1,,53538.25,1474.19
09.01.2023,15.01.2023,apartments,2,,88205.71,1636.36
09.01.2023,15.01.2023,apartments,3,,143333.95,1786.16
09.01.2023,15.01.2023,apartments,4,,345426.07,2377.1
09.01.2023,15.01.2023,apartments,,1,137812.58,1780.42
09.01.2023,15.01.2023,apartments,,0,118368.56,1701.98
09.01.2023,15.01.2023,apartments,1,1,52992.32,1348.75
09.01.2023,15.01.2023,apartments,1,0,53907.5,1559.04
09.01.2023,15.01.2023,apartments,2,1,93248.64,1660.54
09.01.2023,15.01.2023,apartments,2,0,84901.84,1620.53
09.01.2023,15.01.2023,apartments,3,1,157688.46,1874.27
09.01.2023,15.01.2023,apartments,3,0,135299.01,1736.84
09.01.2023,15.01.2023,apartments,4,1,478696.52,2971.46
09.01.2023,15.01.2023,apartments,4,0,284263.74,2104.33
09.01.2023,15.01.2023,soldApartments,,,122133.21,1721.92
09.01.2023,15.01.2023,soldApartments,1,,51050.4,1477.73
09.01.2023,15.01.2023,soldApartments,2,,86957.81,1634.15
09.01.2023,15.01.2023,soldApartments,3,,143209.45,1782.75
09.01.2023,15.01.2023,soldApartments,4,,334839.25,2336.48
09.01.2023,15.01.2023,soldApartments,,1,135234,1773.6
09.01.2023,15.01.2023,soldApartments,,0,114768.51,1692.87
09.01.2023,15.01.2023,soldApartments,1,1,48895.62,1357.35
09.01.2023,15.01.2023,soldApartments,1,0,52366,1551.22
09.01.2023,15.01.2023,soldApartments,2,1,92125.36,1667.09
09.01.2023,15.01.2023,soldApartments,2,0,83786.43,1613.94
09.01.2023,15.01.2023,soldApartments,3,1,158919.46,1867.17
09.01.2023,15.01.2023,soldApartments,3,0,135045.2,1738.87
09.01.2023,15.01.2023,soldApartments,4,1,493165.32,2962.77
09.01.2023,15.01.2023,soldApartments,4,0,270042.37,2080.16
16.01.2023,22.01.2023,listings,,,117629.35,1658.52
16.01.2023,22.01.2023,listings,1,,52262.75,1430.15
16.01.2023,22.01.2023,listings,2,,86697.68,1572.42
16.01.2023,22.01.2023,listings,3,,140438.22,1733.99
16.01.2023,22.01.2023,listings,4,,325741.74,2281.84
16.01.2023,22.01.2023,listings,,1,121248.83,1618.13
16.01.2023,22.01.2023,listings,,0,115012.85,1687.72
16.01.2023,22.01.2023,listings,1,1,50010.18,1279.81
16.01.2023,22.01.2023,listings,1,0,54181.5,1558.21
16.01.2023,22.01.2023,listings,2,1,86965.07,1509.76
16.01.2023,22.01.2023,listings,2,0,86463.19,1627.38
16.01.2023,22.01.2023,listings,3,1,151176.93,1752.81
16.01.2023,22.01.2023,listings,3,0,134358.72,1723.34
16.01.2023,22.01.2023,listings,4,1,493534.44,2950.31
16.01.2023,22.01.2023,listings,4,0,256011.64,2004.04
16.01.2023,22.01.2023,apartments,,,126215.92,1733.24
16.01.2023,22.01.2023,apartments,1,,54255.75,1477.08
16.01.2023,22.01.2023,apartments,2,,88137.75,1635.6
16.01.2023,22.01.2023,apartments,3,,143537.37,1786.84
16.01.2023,22.01.2023,apartments,4,,349427.62,2392.18
16.01.2023,22.01.2023,apartments,,1,139272.82,1789.46
16.01.2023,22.01.2023,apartments,,0,118476.14,1699.92
16.01.2023,22.01.2023,apartments,1,1,53449.21,1360.82
16.01.2023,22.01.2023,apartments,1,0,54793.84,1554.64
16.01.2023,22.01.2023,apartments,2,1,93312.3,1661.1
16.01.2023,22.01.2023,apartments,2,0,84843.07,1619.36
16.01.2023,22.01.2023,apartments,3,1,159061.64,1885.16
16.01.2023,22.01.2023,apartments,3,0,135041.97,1733.04
16.01.2023,22.01.2023,apartments,4,1,489167.43,3015.61
16.01.2023,22.01.2023,apartments,4,0,286133.15,2109.8
16.01.2023,22.01.2023,soldApartments,,,122754.8,1725.5
16.01.2023,22.01.2023,soldApartments,1,,51879.26,1478.07
16.01.2023,22.01.2023,soldApartments,2,,86997.1,1635.69
16.01.2023,22.01.2023,soldApartments,3,,143902.93,1786.19
16.01.2023,22.01.2023,soldApartments,4,,339177,2361.79
16.01.2023,22.01.2023,soldApartments,,1,136223.47,1779.86
16.01.2023,22.01.2023,soldApartments,,0,115462.82,1696.07
16.01.2023,22.01.2023,soldApartments,1,1,48642.33,1360.62
16.01.2023,22.01.2023,soldApartments,1,0,53795.1,1547.58
16.01.2023,22.01.2023,soldApartments,2,1,92077.21,1666.9
16.01.2023,22.01.2023,soldApartments,2,0,84027.73,1617.44
16.01.2023,22.01.2023,soldApartments,3,1,160808.35,1877.13
16.01.2023,22.01.2023,soldApartments,3,0,135346.67,1740.16
16.01.2023,22.01.2023,soldApartments,4,1,500537.4,3012.38
16.01.2023,22.01.2023,soldApartments,4,0,275217.61,2103.91
23.01.2023,29.01.2023,listings,,,116764.69,1656.01
23.01.2023,29.01.2023,listings,1,,52115.83,1430.95
23.01.2023,29.01.2023,listings,2,,86538.6,1568.81
23.01.2023,29.01.2023,listings,3,,140681,1739.98
23.01.2023,29.01.2023,listings,4,,319983.96,2261.71
23.01.2023,29.01.2023,listings,,1,120074.97,1614.29
23.01.2023,29.01.2023,listings,,0,114398.01,1685.84
23.01.2023,29.01.2023,listings,1,1,50061.14,1279.14
23.01.2023,29.01.2023,listings,1,0,53812.8,1556.34
23.01.2023,29.01.2023,listings,2,1,86687.54,1503.89
23.01.2023,29.01.2023,listings,2,0,86408.99,1625.3
23.01.2023,29.01.2023,listings,3,1,151218.51,1763.9
23.01.2023,29.01.2023,listings,3,0,134779.9,1726.59
23.01.2023,29.01.2023,listings,4,1,480671.27,2905.67
23.01.2023,29.01.2023,listings,4,0,253535.15,1995.42
23.01.2023,29.01.2023,apartments,,,125730.02,1735.02
23.01.2023,29.01.2023,apartments,1,,54140.38,1476.63
23.01.2023,29.01.2023,apartments,2,,88128.58,1634.53
23.01.2023,29.01.2023,apartments,3,,143456.55,1797.41
23.01.2023,29.01.2023,apartments,4,,349748.77,2397.56
23.01.2023,29.01.2023,apartments,,1,139873.44,1802.34
23.01.2023,29.01.2023,apartments,,0,117491.64,1695.8
23.01.2023,29.01.2023,apartments,1,1,53408.16,1360.45
23.01.2023,29.01.2023,apartments,1,0,54616.67,1552.19
23.01.2023,29.01.2023,apartments,2,1,93361.84,1659.96
23.01.2023,29.01.2023,apartments,2,0,84872.29,1618.71
23.01.2023,29.01.2023,apartments,3,1,160154.24,1924.66
23.01.2023,29.01.2023,apartments,3,0,134435.39,1728.66
23.01.2023,29.01.2023,apartments,4,1,494004.15,3046.73
23.01.2023,29.01.2023,apartments,4,0,284428.31,2103.6
23.01.2023,29.01.2023,soldApartments,,,122297.5,1724.48
23.01.2023,29.01.2023,soldApartments,1,,51672.96,1475.23
23.01.2023,29.01.2023,soldApartments,2,,87080.63,1634.12
23.01.2023,29.01.2023,soldApartments,3,,143970.78,1789.93
23.01.2023,29.01.2023,soldApartments,4,,339307.65,2367.13
23.01.2023,29.01.2023,soldApartments,,1,136675.03,1787.09
23.01.2023,29.01.2023,soldApartments,,0,114621.61,1691.05
23.01.2023,29.01.2023,soldApartments,1,1,48471.67,1361.16
23.01.2023,29.01.2023,soldApartments,1,0,53515.81,1540.9
23.01.2023,29.01.2023,soldApartments,2,1,92282.03,1666.88
23.01.2023,29.01.2023,soldApartments,2,0,84098.68,1615.35
23.01.2023,29.01.2023,soldApartments,3,1,162087.63,1897.49
23.01.2023,29.01.2023,soldApartments,3,0,134868.47,1735.89
23.01.2023,29.01.2023,soldApartments,4,1,500611.26,3028.94
23.01.2023,29.01.2023,soldApartments,4,0,274749.94,2102.26
30.01.2023,05.02.2023,listings,,,116477.04,1653
30.01.2023,05.02.2023,listings,1,,52198.34,1431.13
30.01.2023,05.02.2023,listings,2,,86433.94,1565.39
30.01.2023,05.02.2023,listings,3,,140637.42,1736.63
30.01.2023,05.02.2023,listings,4,,319365.52,2263.2
30.01.2023,05.02.2023,listings,,1,119737.2,1607.41
30.01.2023,05.02.2023,listings,,0,114145.16,1685.61
30.01.2023,05.02.2023,listings,1,1,50015.07,1275.14
30.01.2023,05.02.2023,listings,1,0,53975.53,1558.11
30.01.2023,05.02.2023,listings,2,1,86484.41,1497.4
30.01.2023,05.02.2023,listings,2,0,86389.67,1625.02
30.01.2023,05.02.2023,listings,3,1,150982.8,1754.61
30.01.2023,05.02.2023,listings,3,0,134929.47,1726.71
30.01.2023,05.02.2023,listings,4,1,473404.22,2881.93
30.01.2023,05.02.2023,listings,4,0,253274.59,1997.73
30.01.2023,05.02.2023,apartments,,,125827.11,1732.77
30.01.2023,05.02.2023,apartments,1,,54467.57,1479.26
30.01.2023,05.02.2023,apartments,2,,88087.36,1633.26
30.01.2023,05.02.2023,apartments,3,,143393.74,1790.17
30.01.2023,05.02.2023,apartments,4,,351117.45,2400.14
30.01.2023,05.02.2023,apartments,,1,140205.79,1795.4
30.01.2023,05.02.2023,apartments,,0,117521.14,1696.59
30.01.2023,05.02.2023,apartments,1,1,53394.26,1354.73
30.01.2023,05.02.2023,apartments,1,0,55162.06,1559.84
30.01.2023,05.02.2023,apartments,2,1,93480.55,1658.17
30.01.2023,05.02.2023,apartments,2,0,84744.53,1617.82
30.01.2023,05.02.2023,apartments,3,1,160425.58,1903.74
30.01.2023,05.02.2023,apartments,3,0,134380.14,1730.06
30.01.2023,05.02.2023,apartments,4,1,496235.54,3058.88
30.01.2023,05.02.2023,apartments,4,0,285194.17,2100.89
30.01.2023,05.02.2023,soldApartments,,,121934.52,1724.42
30.01.2023,05.02.2023,soldApartments,1,,52098.98,1482.53
30.01.2023,05.02.2023,soldApartments,2,,87256.57,1635.52
30.01.2023,05.02.2023,soldApartments,3,,143726.81,1790.07
30.01.2023,05.02.2023,soldApartments,4,,334456.29,2346.22
30.01.2023,05.02.2023,soldApartments,,1,136420.12,1788.85
30.01.2023,05.02.2023,soldApartments,,0,114362.52,1690.74
30.01.2023,05.02.2023,soldApartments,1,1,48599.73,1353.67
30.01.2023,05.02.2023,soldApartments,1,0,54103.02,1556.33
30.01.2023,05.02.2023,soldApartments,2,1,92994.7,1673.65
30.01.2023,05.02.2023,soldApartments,2,0,84017.62,1614
30.01.2023,05.02.2023,soldApartments,3,1,163048.5,1907.89
30.01.2023,05.02.2023,soldApartments,3,0,134414.86,1733.28
30.01.2023,05.02.2023,soldApartments,4,1,490781.87,2997.06
30.01.2023,05.02.2023,soldApartments,4,0,272446.54,2088.05
06.02.2023,12.02.2023,listings,,,116678.53,1652.3
06.02.2023,12.02.2023,listings,1,,52304.02,1430.97
06.02.2023,12.02.2023,listings,2,,86222.96,1561.36
06.02.2023,12.02.2023,listings,3,,141253.05,1739.94
06.02.2023,12.02.2023,listings,4,,321688.37,2269.2
06.02.2023,12.02.2023,listings,,1,120185.16,1608.31
06.02.2023,12.02.2023,listings,,0,114127.62,1684.29
06.02.2023,12.02.2023,listings,1,1,49958.39,1274.2
06.02.2023,12.02.2023,listings,1,0,54222.8,1559.21
06.02.2023,12.02.2023,listings,2,1,86283.69,1493.3
06.02.2023,12.02.2023,listings,2,0,86168.49,1622.4
06.02.2023,12.02.2023,listings,3,1,152903.81,1768.77
06.02.2023,12.02.2023,listings,3,0,134767.82,1723.9
06.02.2023,12.02.2023,listings,4,1,470386.01,2860.08
06.02.2023,12.02.2023,listings,4,0,255440.94,2005.96
06.02.2023,12.02.2023,apartments,,,126541.25,1735.56
06.02.2023,12.02.2023,apartments,1,,54653.33,1480.71
06.02.2023,12.02.2023,apartments,2,,88013.35,1632.96
06.02.2023,12.02.2023,apartments,3,,143983.25,1793.8
06.02.2023,12.02.2023,apartments,4,,354098.91,2409.29
06.02.2023,12.02.2023,apartments,,1,142018.86,1802.76
06.02.2023,12.02.2023,apartments,,0,117712.03,1697.22
06.02.2023,12.02.2023,apartments,1,1,53461.07,1354.29
06.02.2023,12.02.2023,apartments,1,0,55404.1,1560.32
06.02.2023,12.02.2023,apartments,2,1,93351.62,1654.47
06.02.2023,12.02.2023,apartments,2,0,84723.61,1619.7
06.02.2023,12.02.2023,apartments,3,1,162401.33,1918.54
06.02.2023,12.02.2023,apartments,3,0,134407.54,1728.94
06.02.2023,12.02.2023,apartments,4,1,503928.06,3087.99
06.02.2023,12.02.2023,apartments,4,0,285873.59,2100.24
06.02.2023,12.02.2023,soldApartments,,,123284.77,1731.73
06.02.2023,12.02.2023,soldApartments,1,,52724.88,1490.18
06.02.2023,12.02.2023,soldApartments,2,,87279.41,1637.5
06.02.2023,12.02.2023,soldApartments,3,,145057.26,1799.69
06.02.2023,12.02.2023,soldApartments,4,,341102.97,2364.62
06.02.2023,12.02.2023,soldApartments,,1,140009.27,1806.38
06.02.2023,12.02.2023,soldApartments,,0,114809.11,1693.9
06.02.2023,12.02.2023,soldApartments,1,1,49351.76,1358.08
06.02.2023,12.02.2023,soldApartments,1,0,54552.88,1561.77
06.02.2023,12.02.2023,soldApartments,2,1,93080.85,1674.75
06.02.2023,12.02.2023,soldApartments,2,0,84068.81,1616.88
06.02.2023,12.02.2023,soldApartments,3,1,166872.57,1937.24
06.02.2023,12.02.2023,soldApartments,3,0,134970.61,1736.1
06.02.2023,12.02.2023,soldApartments,4,1,509819.45,3059.03
06.02.2023,12.02.2023,soldApartments,4,0,274364.48,2089.93
13.02.2023,19.02.2023,listings,,,117628.06,1661.69
13.02.2023,19.02.2023,listings,1,,52773.58,1442.37
13.02.2023,19.02.2023,listings,2,,86567.63,1566.95
13.02.2023,19.02.2023,listings,3,,142339.04,1749.95
13.02.2023,19.02.2023,listings,4,,326070.55,2292.61
13.02.2023,19.02.2023,listings,,1,121438.16,1619.38
13.02.2023,19.02.2023,listings,,0,114885.51,1692.14
13.02.2023,19.02.2023,listings,1,1,50366.08,1283.8
13.02.2023,19.02.2023,listings,1,0,54669.59,1567.24
13.02.2023,19.02.2023,listings,2,1,86678.69,1499.4
13.02.2023,19.02.2023,listings,2,0,86468.47,1627.26
13.02.2023,19.02.2023,listings,3,1,154298.82,1782.98
13.02.2023,19.02.2023,listings,3,0,135714.8,1731.65
13.02.2023,19.02.2023,listings,4,1,477893.32,2890.64
13.02.2023,19.02.2023,listings,4,0,259044.6,2028.6
13.02.2023,19.02.2023,apartments,,,126819.53,1739.98
13.02.2023,19.02.2023,apartments,1,,55024.83,1489.32
13.02.2023,19.02.2023,apartments,2,,88273.97,1637.02
13.02.2023,19.02.2023,apartments,3,,143949.48,1792.81
13.02.2023,19.02.2023,apartments,4,,357386.89,2431.97
13.02.2023,19.02.2023,apartments,,1,142878.65,1810.95
13.02.2023,19.02.2023,apartments,,0,117698.68,1699.68
13.02.2023,19.02.2023,apartments,1,1,53699.26,1358.26
13.02.2023,19.02.2023,apartments,1,0,55841.61,1570.07
13.02.2023,19.02.2023,apartments,2,1,93745.93,1663.27
13.02.2023,19.02.2023,apartments,2,0,84886.2,1620.78
13.02.2023,19.02.2023,apartments,3,1,163002.46,1922.7
13.02.2023,19.02.2023,apartments,3,0,134155.13,1726.04
13.02.2023,19.02.2023,apartments,4,1,510001.28,3117.31
13.02.2023,19.02.2023,apartments,4,0,287468.21,2117.99
13.02.2023,19.02.2023,soldApartments,,,123610.68,1738.43
13.02.2023,19.02.2023,soldApartments,1,,53429.89,1503.38
13.02.2023,19.02.2023,soldApartments,2,,87674.78,1645.67
13.02.2023,19.02.2023,soldApartments,3,,144987.78,1798.88
13.02.2023,19.02.2023,soldApartments,4,,345622.55,2390.44
13.02.2023,19.02.2023,soldApartments,,1,141522.47,1818.96
13.02.2023,19.02.2023,soldApartments,,0,114792.14,1698.78
13.02.2023,19.02.2023,soldApartments,1,1,49951.6,1369.15
13.02.2023,19.02.2023,soldApartments,1,0,55200.35,1571.7
13.02.2023,19.02.2023,soldApartments,2,1,93614.44,1685.92
13.02.2023,19.02.2023,soldApartments,2,0,84446.11,1623.78
13.02.2023,19.02.2023,soldApartments,3,1,168508.99,1948.01
13.02.2023,19.02.2023,soldApartments,3,0,134454.42,1732.1
13.02.2023,19.02.2023,soldApartments,4,1,518790.17,3088.54
13.02.2023,19.02.2023,soldApartments,4,0,277824.81,2117.12
20.02.2023,26.02.2023,listings,,,116610.32,1654.9
20.02.2023,26.02.2023,listings,1,,52537.78,1441.3
20.02.2023,26.02.2023,listings,2,,86182.45,1561.87
20.02.2023,26.02.2023,listings,3,,141612.01,1743.25
20.02.2023,26.02.2023,listings,4,,323027.34,2277.84
20.02.2023,26.02.2023,listings,,1,120255.29,1608.57
20.02.2023,26.02.2023,listings,,0,113960.71,1688.58
20.02.2023,26.02.2023,listings,1,1,50330.38,1282.09
20.02.2023,26.02.2023,listings,1,0,54275.01,1566.59
20.02.2023,26.02.2023,listings,2,1,86272.48,1493.4
20.02.2023,26.02.2023,listings,2,0,86101.21,1623.66
20.02.2023,26.02.2023,listings,3,1,153041.67,1768.5
20.02.2023,26.02.2023,listings,3,0,135239.51,1729.16
20.02.2023,26.02.2023,listings,4,1,468052.91,2834.09
20.02.2023,26.02.2023,listings,4,0,257194.01,2025.34
20.02.2023,26.02.2023,apartments,,,126132.82,1736.61
20.02.2023,26.02.2023,apartments,1,,54629.62,1490.2
20.02.2023,26.02.2023,apartments,2,,87964.05,1633.65
20.02.2023,26.02.2023,apartments,3,,143815.12,1791.45
20.02.2023,26.02.2023,apartments,4,,355703.77,2424.24
20.02.2023,26.02.2023,apartments,,1,142749.69,1812.07
20.02.2023,26.02.2023,apartments,,0,116710.96,1693.83
20.02.2023,26.02.2023,apartments,1,1,53602.54,1359.62
20.02.2023,26.02.2023,apartments,1,0,55255.68,1569.79
20.02.2023,26.02.2023,apartments,2,1,93689.61,1663.31
20.02.2023,26.02.2023,apartments,2,0,84421.51,1615.3
20.02.2023,26.02.2023,apartments,3,1,163796.17,1929.05
20.02.2023,26.02.2023,apartments,3,0,133527.26,1720.59
20.02.2023,26.02.2023,apartments,4,1,510546.82,3122.45
20.02.2023,26.02.2023,apartments,4,0,285134.6,2106.03
20.02.2023,26.02.2023,soldApartments,,,122360.74,1731.06
20.02.2023,26.02.2023,soldApartments,1,,52634.63,1494.72
20.02.2023,26.02.2023,soldApartments,2,,87164.44,1641.73
20.02.2023,26.02.2023,soldApartments,3,,144134.22,1793.86
20.02.2023,26.02.2023,soldApartments,4,,344346.33,2378.87
20.02.2023,26.02.2023,soldApartments,,1,141510.07,1817.09
20.02.2023,26.02.2023,soldApartments,,0,113052.02,1689.23
20.02.2023,26.02.2023,soldApartments,1,1,49100.73,1356.91
20.02.2023,26.02.2023,soldApartments,1,0,54406.69,1563.83
20.02.2023,26.02.2023,soldApartments,2,1,93311.38,1683.72
20.02.2023,26.02.2023,soldApartments,2,0,83868.13,1619.21
20.02.2023,26.02.2023,soldApartments,3,1,168847.64,1955.05
20.02.2023,26.02.2023,soldApartments,3,0,133177.07,1722.4
20.02.2023,26.02.2023,soldApartments,4,1,532079.08,3123.31
20.02.2023,26.02.2023,soldApartments,4,0,272389.8,2093.54
27.02.2023,05.03.2023,listings,,,117461.57,1663.12
27.02.2023,05.03.2023,listings,1,,52892.19,1449.98
27.02.2023,05.03.2023,listings,2,,86826.86,1570.83
27.02.2023,05.03.2023,listings,3,,142060.54,1747.96
27.02.2023,05.03.2023,listings,4,,324449.06,2284.27
27.02.2023,05.03.2023,listings,,1,121940.02,1624.2
27.02.2023,05.03.2023,listings,,0,114209.55,1691.38
27.02.2023,05.03.2023,listings,1,1,50689.25,1289.32
27.02.2023,05.03.2023,listings,1,0,54639.06,1577.38
27.02.2023,05.03.2023,listings,2,1,87291.25,1507.51
27.02.2023,05.03.2023,listings,2,0,86411.12,1627.51
27.02.2023,05.03.2023,listings,3,1,154838.36,1785.2
27.02.2023,05.03.2023,listings,3,0,134888.53,1727.06
27.02.2023,05.03.2023,listings,4,1,472708.94,2858.87
27.02.2023,05.03.2023,listings,4,0,257147.88,2023.44
27.02.2023,05.03.2023,apartments,,,127193.09,1743.54
27.02.2023,05.03.2023,apartments,1,,54871.42,1494.79
27.02.2023,05.03.2023,apartments,2,,88411.44,1639.6
27.02.2023,05.03.2023,apartments,3,,144194.64,1793.64
27.02.2023,05.03.2023,apartments,4,,357391.53,2436.82
27.02.2023,05.03.2023,apartments,,1,144545.64,1827.18
27.02.2023,05.03.2023,apartments,,0,117416.84,1696.42
27.02.2023,05.03.2023,apartments,1,1,54014.9,1365.72
27.02.2023,05.03.2023,apartments,1,0,55392.95,1573.39
27.02.2023,05.03.2023,apartments,2,1,94550.47,1677.84
27.02.2023,05.03.2023,apartments,2,0,84662.73,1616.25
27.02.2023,05.03.2023,apartments,3,1,164987.17,1938.27
27.02.2023,05.03.2023,apartments,3,0,133491.24,1719.19
27.02.2023,05.03.2023,apartments,4,1,510826.78,3136.59
27.02.2023,05.03.2023,apartments,4,0,287341.73,2117.34
27.02.2023,05.03.2023,soldApartments,,,123180.77,1739.13
27.02.2023,05.03.2023,soldApartments,1,,52985.67,1504.33
27.02.2023,05.03.2023,soldApartments,2,,88050.42,1653.34
27.02.2023,05.03.2023,soldApartments,3,,144444.11,1796.32
27.02.2023,05.03.2023,soldApartments,4,,339541.24,2363.58
27.02.2023,05.03.2023,soldApartments,,1,143140.03,1838.9
27.02.2023,05.03.2023,soldApartments,,0,113730.76,1691.88
27.02.2023,05.03.2023,soldApartments,1,1,49564.09,1369.27
27.02.2023,05.03.2023,soldApartments,1,0,54683.34,1571.34
27.02.2023,05.03.2023,soldApartments,2,1,94958.27,1713.44
27.02.2023,05.03.2023,soldApartments,2,0,84492.12,1622.39
27.02.2023,05.03.2023,soldApartments,3,1,169570.67,1964.22
27.02.2023,05.03.2023,soldApartments,3,0,133467.93,1722.98
27.02.2023,05.03.2023,soldApartments,4,1,522469.64,3113.27
27.02.2023,05.03.2023,soldApartments,4,0,270539.91,2080.8
06.03.2023,12.03.2023,listings,,,118127.1,1669.74
06.03.2023,12.03.2023,listings,1,,53419.24,1460.7
06.03.2023,12.03.2023,listings,2,,87053.86,1574
06.03.2023,12.03.2023,listings,3,,142388.87,1754.42
06.03.2023,12.03.2023,listings,4,,326953.78,2296.45
06.03.2023,12.03.2023,listings,,1,122328.07,1625.64
06.03.2023,12.03.2023,listings,,0,115099.52,1701.53
06.03.2023,12.03.2023,listings,1,1,51373.09,1296.22
06.03.2023,12.03.2023,listings,1,0,55020.53,1589.42
06.03.2023,12.03.2023,listings,2,1,87213.27,1503.52
06.03.2023,12.03.2023,listings,2,0,86911.58,1636.89
06.03.2023,12.03.2023,listings,3,1,155234.61,1791.83
06.03.2023,12.03.2023,listings,3,0,135250.63,1733.64
06.03.2023,12.03.2023,listings,4,1,474613.14,2863.42
06.03.2023,12.03.2023,listings,4,0,260737.82,2042.19
06.03.2023,12.03.2023,apartments,,,127043.69,1747.8
06.03.2023,12.03.2023,apartments,1,,55033.14,1501.91
06.03.2023,12.03.2023,apartments,2,,88775.76,1645.18
06.03.2023,12.03.2023,apartments,3,,143660.98,1795.13
06.03.2023,12.03.2023,apartments,4,,357456.21,2444.53
06.03.2023,12.03.2023,apartments,,1,145078.37,1834.79
06.03.2023,12.03.2023,apartments,,0,117026.5,1699.48
06.03.2023,12.03.2023,apartments,1,1,54424.99,1374.51
06.03.2023,12.03.2023,apartments,1,0,55387.51,1576.15
06.03.2023,12.03.2023,apartments,2,1,94862.91,1682.08
06.03.2023,12.03.2023,apartments,2,0,85093.94,1622.86
06.03.2023,12.03.2023,apartments,3,1,164436.6,1945.59
06.03.2023,12.03.2023,apartments,3,0,133054.91,1718.32
06.03.2023,12.03.2023,apartments,4,1,514094.82,3149.63
06.03.2023,12.03.2023,apartments,4,0,286345.78,2124.43
06.03.2023,12.03.2023,soldApartments,,,122715.45,1744.64
06.03.2023,12.03.2023,soldApartments,1,,53197.4,1515.09
06.03.2023,12.03.2023,soldApartments,2,,88412.25,1659.35
06.03.2023,12.03.2023,soldApartments,3,,143636.97,1801.67
06.03.2023,12.03.2023,soldApartments,4,,339416.58,2370.34
06.03.2023,12.03.2023,soldApartments,,1,143413.48,1846.54
06.03.2023,12.03.2023,soldApartments,,0,113315.33,1698.37
06.03.2023,12.03.2023,soldApartments,1,1,49648.81,1372.2
06.03.2023,12.03.2023,soldApartments,1,0,54805.98,1579.86
06.03.2023,12.03.2023,soldApartments,2,1,95114.52,1720.07
06.03.2023,12.03.2023,soldApartments,2,0,85088.84,1629.24
06.03.2023,12.03.2023,soldApartments,3,1,168276.19,1972.15
06.03.2023,12.03.2023,soldApartments,3,0,133144.98,1729.08
06.03.2023,12.03.2023,soldApartments,4,1,526007.29,3116.01
06.03.2023,12.03.2023,soldApartments,4,0,270875.59,2096.43
13.03.2023,19.03.2023,listings,,,118323.95,1673.11
13.03.2023,19.03.2023,listings,1,,53532.39,1463.19
13.03.2023,19.03.2023,listings,2,,87314.81,1577.83
13.03.2023,19.03.2023,listings,3,,142353.96,1757.61
13.03.2023,19.03.2023,listings,4,,324483.3,2288.89
13.03.2023,19.03.2023,listings,,1,122072.29,1627.33
13.03.2023,19.03.2023,listings,,0,115592.56,1706.47
13.03.2023,19.03.2023,listings,1,1,51620.15,1302.26
13.03.2023,19.03.2023,listings,1,0,55066.22,1592.28
13.03.2023,19.03.2023,listings,2,1,87409.05,1505.75
13.03.2023,19.03.2023,listings,2,0,87229.92,1642.75
13.03.2023,19.03.2023,listings,3,1,155557.16,1796.89
13.03.2023,19.03.2023,listings,3,0,134930.15,1735.52
13.03.2023,19.03.2023,listings,4,1,463130.92,2818.45
13.03.2023,19.03.2023,listings,4,0,261929.92,2049.97
13.03.2023,19.03.2023,apartments,,,127085.83,1750.89
13.03.2023,19.03.2023,apartments,1,,55125.59,1502.36
13.03.2023,19.03.2023,apartments,2,,88883.88,1647.72
13.03.2023,19.03.2023,apartments,3,,143332.09,1800.63
13.03.2023,19.03.2023,apartments,4,,357331.18,2444.08
13.03.2023,19.03.2023,apartments,,1,144509.54,1834.14
13.03.2023,19.03.2023,apartments,,0,117401.96,1704.61
13.03.2023,19.03.2023,apartments,1,1,54692.35,1378.33
13.03.2023,19.03.2023,apartments,1,0,55385.1,1576.65
13.03.2023,19.03.2023,apartments,2,1,95138.05,1685.59
13.03.2023,19.03.2023,apartments,2,0,85114.74,1624.89
13.03.2023,19.03.2023,apartments,3,1,163920.65,1942.76
13.03.2023,19.03.2023,apartments,3,0,132882.1,1728.49
13.03.2023,19.03.2023,apartments,4,1,510894.99,3142.7
13.03.2023,19.03.2023,apartments,4,0,288207.7,2129.61
13.03.2023,19.03.2023,soldApartments,,,122896.22,1745.7
13.03.2023,19.03.2023,soldApartments,1,,53606.45,1518.26
13.03.2023,19.03.2023,soldApartments,2,,88611.23,1662.27
13.03.2023,19.03.2023,soldApartments,3,,142652.9,1796.96
13.03.2023,19.03.2023,soldApartments,4,,341059.18,2371.1
13.03.2023,19.03.2023,soldApartments,,1,143261.57,1844.59
13.03.2023,19.03.2023,soldApartments,,0,113639.91,1700.7
13.03.2023,19.03.2023,soldApartments,1,1,50189.2,1379.34
13.03.2023,19.03.2023,soldApartments,1,0,55246.06,1584.39
13.03.2023,19.03.2023,soldApartments,2,1,95524.25,1722.21
13.03.2023,19.03.2023,soldApartments,2,0,85215.24,1632.82
13.03.2023,19.03.2023,soldApartments,3,1,166451.77,1963.29
13.03.2023,19.03.2023,soldApartments,3,0,132621.28,1726.87
13.03.2023,19.03.2023,soldApartments,4,1,529375.92,3111.51
13.03.2023,19.03.2023,soldApartments,4,0,271793.25,2098.76
20.03.2023,26.03.2023,listings,,,117740.15,1670
20.03.2023,26.03.2023,listings,1,,53165.84,1463.84
20.03.2023,26.03.2023,listings,2,,87204.14,1575.78
20.03.2023,26.03.2023,listings,3,,142091.66,1753.62
20.03.2023,26.03.2023,listings,4,,320061.9,2276.89
20.03.2023,26.03.2023,listings,,1,121260.81,1625
20.03.2023,26.03.2023,listings,,0,115134.86,1703.3
20.03.2023,26.03.2023,listings,1,1,51615.76,1308.86
20.03.2023,26.03.2023,listings,1,0,54414.36,1588.67
20.03.2023,26.03.2023,listings,2,1,87494.88,1507.18
20.03.2023,26.03.2023,listings,2,0,86935.48,1639.17
20.03.2023,26.03.2023,listings,3,1,155367.19,1791.31
20.03.2023,26.03.2023,listings,3,0,134519.54,1732.12
20.03.2023,26.03.2023,listings,4,1,457218.06,2797.44
20.03.2023,26.03.2023,listings,4,0,259170.06,2045.79
20.03.2023,26.03.2023,apartments,,,126200.76,1747.69
20.03.2023,26.03.2023,apartments,1,,54338.07,1503.48
20.03.2023,26.03.2023,apartments,2,,88807.29,1647.32
20.03.2023,26.03.2023,apartments,3,,143104.68,1795.84
20.03.2023,26.03.2023,apartments,4,,352386.74,2430.97
20.03.2023,26.03.2023,apartments,,1,143398.75,1831.9
20.03.2023,26.03.2023,apartments,,0,116630.45,1700.84
20.03.2023,26.03.2023,apartments,1,1,54871.3,1388.8
20.03.2023,26.03.2023,apartments,1,0,54016.7,1572.6
20.03.2023,26.03.2023,apartments,2,1,95256.89,1686.4
20.03.2023,26.03.2023,apartments,2,0,84896.16,1623.61
20.03.2023,26.03.2023,apartments,3,1,164297.61,1940.37
20.03.2023,26.03.2023,apartments,3,0,132394.22,1722.8
20.03.2023,26.03.2023,apartments,4,1,504179.1,3129.13
20.03.2023,26.03.2023,apartments,4,0,285123.41,2121.6
20.03.2023,26.03.2023,soldApartments,,,119983.39,1736.21
20.03.2023,26.03.2023,soldApartments,1,,52375.37,1517.52
20.03.2023,26.03.2023,soldApartments,2,,88114.63,1656.45
20.03.2023,26.03.2023,soldApartments,3,,140382.09,1791.91
20.03.2023,26.03.2023,soldApartments,4,,328019.88,2333.07
20.03.2023,26.03.2023,soldApartments,,1,139424.14,1827.79
20.03.2023,26.03.2023,soldApartments,,0,111079.08,1694.26
20.03.2023,26.03.2023,soldApartments,1,1,50572.75,1388.4
20.03.2023,26.03.2023,soldApartments,1,0,53255.89,1580.59
20.03.2023,26.03.2023,soldApartments,2,1,95645.56,1723.06
20.03.2023,26.03.2023,soldApartments,2,0,84365.09,1623.29
20.03.2023,26.03.2023,soldApartments,3,1,163366.78,1935.38
20.03.2023,26.03.2023,soldApartments,3,0,130804.67,1732.13
20.03.2023,26.03.2023,soldApartments,4,1,510613.68,3052.65
20.03.2023,26.03.2023,soldApartments,4,0,261560.11,2071.16
27.03.2023,02.04.2023,listings,,,118821.89,1680.16
27.03.2023,02.04.2023,listings,1,,53139.19,1473.28
27.03.2023,02.04.2023,listings,2,,87587.54,1584.21
27.03.2023,02.04.2023,listings,3,,143166.19,1762.75
27.03.2023,02.04.2023,listings,4,,322803.15,2288.44
27.03.2023,02.04.2023,listings,,1,123010.63,1641.39
27.03.2023,02.04.2023,listings,,0,115783.61,1708.28
27.03.2023,02.04.2023,listings,1,1,51785.64,1317.79
27.03.2023,02.04.2023,listings,1,0,54170.09,1591.71
27.03.2023,02.04.2023,listings,2,1,87961.06,1518.55
27.03.2023,02.04.2023,listings,2,0,87249.07,1643.71
27.03.2023,02.04.2023,listings,3,1,157338.02,1809.11
27.03.2023,02.04.2023,listings,3,0,135106.68,1736.38
27.03.2023,02.04.2023,listings,4,1,458206.86,2809.67
27.03.2023,02.04.2023,listings,4,0,262838.35,2057.61
27.03.2023,02.04.2023,apartments,,,127089.51,1756.37
27.03.2023,02.04.2023,apartments,1,,54209.5,1509.4
27.03.2023,02.04.2023,apartments,2,,89486.04,1657.24
27.03.2023,02.04.2023,apartments,3,,144296.51,1805.56
27.03.2023,02.04.2023,apartments,4,,352511.05,2427.94
27.03.2023,02.04.2023,apartments,,1,145248.42,1847.97
27.03.2023,02.04.2023,apartments,,0,117143.93,1706.2
27.03.2023,02.04.2023,apartments,1,1,55172.74,1392.41
27.03.2023,02.04.2023,apartments,1,0,53651.46,1577.18
27.03.2023,02.04.2023,apartments,2,1,96228.64,1703.07
27.03.2023,02.04.2023,apartments,2,0,85455.6,1629.84
27.03.2023,02.04.2023,apartments,3,1,166070.89,1954.69
27.03.2023,02.04.2023,apartments,3,0,133392.27,1730.88
27.03.2023,02.04.2023,apartments,4,1,503899.85,3129.27
27.03.2023,02.04.2023,apartments,4,0,285418.28,2117.12
27.03.2023,02.04.2023,soldApartments,,,122005.68,1753.62
27.03.2023,02.04.2023,soldApartments,1,,53044.54,1529.73
27.03.2023,02.04.2023,soldApartments,2,,89363.29,1676.39
27.03.2023,02.04.2023,soldApartments,3,,142074.01,1808.83
27.03.2023,02.04.2023,soldApartments,4,,328393.06,2323.86
27.03.2023,02.04.2023,soldApartments,,1,141737.26,1848.64
27.03.2023,02.04.2023,soldApartments,,0,113128.09,1710.87
27.03.2023,02.04.2023,soldApartments,1,1,50300.29,1408.96
27.03.2023,02.04.2023,soldApartments,1,0,54311.44,1585.49
27.03.2023,02.04.2023,soldApartments,2,1,97285.3,1749.31
27.03.2023,02.04.2023,soldApartments,2,0,85478.59,1640.64
27.03.2023,02.04.2023,soldApartments,3,1,165639.88,1943.24
27.03.2023,02.04.2023,soldApartments,3,0,132375.52,1753.52
27.03.2023,02.04.2023,soldApartments,4,1,489820.25,2964.68
27.03.2023,02.04.2023,soldApartments,4,0,267634.99,2082.67
03.04.2023,09.04.2023,listings,,,118980.27,1682.91
03.04.2023,09.04.2023,listings,1,,53000.84,1477.16
03.04.2023,09.04.2023,listings,2,,87556.03,1587.19
03.04.2023,09.04.2023,listings,3,,143468.75,1762.85
03.04.2023,09.04.2023,listings,4,,322581.24,2292.91
03.04.2023,09.04.2023,listings,,1,122602.26,1644.36
03.04.2023,09.04.2023,listings,,0,116377.31,1710.62
03.04.2023,09.04.2023,listings,1,1,51370.89,1318.42
03.04.2023,09.04.2023,listings,1,0,54248.65,1598.68
03.04.2023,09.04.2023,listings,2,1,87906.4,1521.2
03.04.2023,09.04.2023,listings,2,0,87242.18,1646.3
03.04.2023,09.04.2023,listings,3,1,157712.13,1815.25
03.04.2023,09.04.2023,listings,3,0,135446.53,1733.33
03.04.2023,09.04.2023,listings,4,1,453478.72,2815.85
03.04.2023,09.04.2023,listings,4,0,265757.53,2065.9
03.04.2023,09.04.2023,apartments,,,127236.85,1757.21
03.04.2023,09.04.2023,apartments,1,,54308.25,1512.24
03.04.2023,09.04.2023,apartments,2,,89551.67,1660.12
03.04.2023,09.04.2023,apartments,3,,144385.87,1799.53
03.04.2023,09.04.2023,apartments,4,,353076.79,2436.39
03.04.2023,09.04.2023,apartments,,1,145404.65,1852.86
03.04.2023,09.04.2023,apartments,,0,117277.7,1704.77
03.04.2023,09.04.2023,apartments,1,1,55533.83,1396.06
03.04.2023,09.04.2023,apartments,1,0,53594.48,1579.91
03.04.2023,09.04.2023,apartments,2,1,96353.47,1707.84
03.04.2023,09.04.2023,apartments,2,0,85499.84,1631.69
03.04.2023,09.04.2023,apartments,3,1,166074.21,1955.54
03.04.2023,09.04.2023,apartments,3,0,133488.08,1721.15
03.04.2023,09.04.2023,apartments,4,1,502440.53,3141.73
03.04.2023,09.04.2023,apartments,4,0,286437.58,2121.71
03.04.2023,09.04.2023,soldApartments,,,122047.79,1764.78
03.04.2023,09.04.2023,soldApartments,1,,53299.37,1541.51
03.04.2023,09.04.2023,soldApartments,2,,89701.78,1690.47
03.04.2023,09.04.2023,soldApartments,3,,142614.58,1814.99
03.04.2023,09.04.2023,soldApartments,4,,327357.95,2341.05
03.04.2023,09.04.2023,soldApartments,,1,140750.27,1859.29
03.04.2023,09.04.2023,soldApartments,,0,113954.28,1723.89
03.04.2023,09.04.2023,soldApartments,1,1,50297.08,1416.97
03.04.2023,09.04.2023,soldApartments,1,0,54654.25,1597.72
03.04.2023,09.04.2023,soldApartments,2,1,97827.31,1764.35
03.04.2023,09.04.2023,soldApartments,2,0,85877.65,1655.71
03.04.2023,09.04.2023,soldApartments,3,1,166927.8,1956.43
03.04.2023,09.04.2023,soldApartments,3,0,133060.26,1759.4
03.04.2023,09.04.2023,soldApartments,4,1,478076.33,2970.06
03.04.2023,09.04.2023,soldApartments,4,0,272909.96,2113.81
10.04.2023,16.04.2023,listings,,,118369.67,1678.56
10.04.2023,16.04.2023,listings,1,,53051.66,1477.31
10.04.2023,16.04.2023,listings,2,,87108.29,1581.96
10.04.2023,16.04.2023,listings,3,,142945.48,1758.53
10.04.2023,16.04.2023,listings,4,,320154.52,2286.67
10.04.2023,16.04.2023,listings,,1,123134.87,1646.84
10.04.2023,16.04.2023,listings,,0,114905.62,1701.61
10.04.2023,16.04.2023,listings,1,1,51791.42,1327.11
10.04.2023,16.04.2023,listings,1,0,54020.43,1592.76
10.04.2023,16.04.2023,listings,2,1,87479.29,1516.35
10.04.2023,16.04.2023,listings,2,0,86775.67,1640.79
10.04.2023,16.04.2023,listings,3,1,157150.4,1813.28
10.04.2023,16.04.2023,listings,3,0,134732.04,1726.87
10.04.2023,16.04.2023,listings,4,1,458685.97,2849.94
10.04.2023,16.04.2023,listings,4,0,258055.02,2034.17
10.04.2023,16.04.2023,apartments,,,126957,1755.33
10.04.2023,16.04.2023,apartments,1,,54503.26,1513.42
10.04.2023,16.04.2023,apartments,2,,89374.43,1655.74
10.04.2023,16.04.2023,apartments,3,,144505.03,1801.6
10.04.2023,16.04.2023,apartments,4,,349301.35,2425
10.04.2023,16.04.2023,apartments,,1,145204.43,1852.05
10.04.2023,16.04.2023,apartments,,0,116965.1,1702.36
10.04.2023,16.04.2023,apartments,1,1,55866.9,1396.42
10.04.2023,16.04.2023,apartments,1,0,53715.23,1581.03
10.04.2023,16.04.2023,apartments,2,1,96135.41,1700.96
10.04.2023,16.04.2023,apartments,2,0,85351.19,1628.84
10.04.2023,16.04.2023,apartments,3,1,166547.12,1961.31
10.04.2023,16.04.2023,apartments,3,0,133391.47,1721.08
10.04.2023,16.04.2023,apartments,4,1,496887.84,3138.94
10.04.2023,16.04.2023,apartments,4,0,283637.04,2107.35
10.04.2023,16.04.2023,soldApartments,,,119716.58,1760.04
10.04.2023,16.04.2023,soldApartments,1,,53894.98,1549.16
10.04.2023,16.04.2023,soldApartments,2,,88551.79,1683
10.04.2023,16.04.2023,soldApartments,3,,141645.79,1817.04
10.04.2023,16.04.2023,soldApartments,4,,308699.23,2301.74
10.04.2023,16.04.2023,soldApartments,,1,138165.6,1861.11
10.04.2023,16.04.2023,soldApartments,,0,111754.24,1716.42
10.04.2023,16.04.2023,soldApartments,1,1,50508.21,1437.69
10.04.2023,16.04.2023,soldApartments,1,0,55346.91,1596.95
10.04.2023,16.04.2023,soldApartments,2,1,95767.61,1763.86
10.04.2023,16.04.2023,soldApartments,2,0,85173.5,1645.14
10.04.2023,16.04.2023,soldApartments,3,1,166869.73,1956.39
10.04.2023,16.04.2023,soldApartments,3,0,131556.22,1761.31
10.04.2023,16.04.2023,soldApartments,4,1,439509.11,2880.13
10.04.2023,16.04.2023,soldApartments,4,0,259696.78,2085.07
